SMITH,Get Together
BROWN,Maggie's Leap
SMITH,Wall's End
JOHNSON,Pumpion
SMITH,Stronghold
WILLIAMS,Parapet ESB
BROWN,Citra Ass Down
WILLIAMS,London Balling
SMITH,35 K
WILLIAMS,A Beer
WILLIAMS,Rules are Rules
SMITH,Flesh Gourd'n
JOHNSON,Sho'nuff
JOHNSON,Bloody Show
SMITH,Rico Sauvin
JOHNSON,Coq de la Marche
JOHNSON,Kamen Knuddeln
BROWN,Pile of Face
WILLIAMS,The Brown Note
BROWN,House Lager
RODRIGUEZ,Leisure Time
SMITH,Excess IPL
JOHNSON,Hoponius Union
JOHNSON,Calyptra
BROWN,Habitus (2014)
SMITH,Solis
JOHNSON,Jucundus
SMITH,Habitus
SMITH,Grazias
JOHNSON,Claritas
WILLIAMS,Park
SMITH,Westfalia
MILLER,KSA
SMITH,Villager
JOHNSON,Blackbeard
WILLIAMS,Rye Knot
SMITH,Dead Arm
JOHNSON,32°/50° Kölsch 
SMITH,HopArt
SMITH,Boy King
BROWN,Denver Pale Ale (Artist Series No. 1)
WILLIAMS,Hibernation Ale
SMITH,Whitewater
WILLIAMS,Rumble
SMITH,Orabelle
SMITH,Lasso
MILLER,Yeti  Imperial Stout
JOHNSON,Colette
JOHNSON,Titan IPA
SMITH,Peck's Porter
JOHNSON,Reactor
JOHNSON,Mr. Orange
SMITH,Dark Star
SMITH,Ryecoe
JOHNSON,G. B. Russo’s Italian Pistachio Pale Ale
SMITH,Belfort
JOHNSON,Star Runner
BROWN,Tart Side of the Barrel
JOHNSON,Linnaeus Mango IPA
JONES,Beasts A'Burnin'
SMITH,Verdun
JOHNSON,Barrel Aged Triomphe
SMITH,Cherry Doppelbock
JONES,Tropical Saison
BROWN,Beach Patrol
BROWN,Nuit Serpent
JOHNSON,Paris
WILLIAMS,The Grand Army
WILSON,Acidulated Trip
SMITH,Root Stock
WILLIAMS,Mind Games
JOHNSON,Sous Chef
JONES,Dubbelicious
WILLIAMS,Psychopomp
SMITH,Fat Paczki
JOHNSON,Earth-Like Planets
WILLIAMS,Ski Patrol
JONES,Viking Ice Hole
BROWN,Rye Porter
MILLER,Wizard Burial Ground
SMITH,Smoky Wheat
SMITH,BRIPA
JOHNSON,Mela
SMITH,W.I.P.A Snappa
WILLIAMS,Pepper in the Rye
JONES,Moe Lasses'
JONES,Pumpkin Tart
JONES,Undertaker
SMITH,Undertaker (2014)
JOHNSON,Coq D'Or
SMITH,North French
SMITH,Agent a Deux
GARCIA,Belgian Wit
JOHNSON,Pothole Stout
JOHNSON,Tree Bucket
BROWN,Le Flaneur Ale
SMITH,Maize & Blueberry
SMITH,Trebuchet Double IPA
JOHNSON,Contemplation
SMITH,Black Rabbit
SMITH,Zaison
BROWN,Vivant Tripel
JOHNSON,Tart Side of the Moon
MILLER,Big Red Coq
WILLIAMS,Hubris Quadrupel Anniversary Ale
SMITH,Plow Horse Belgian Style Imperial Stout
SMITH,Escoffier Bretta Ale
SMITH,Contemplation (2012)
JOHNSON,Vivant Belgian Style Imperial Stout (2012)
SMITH,Big Red Coq (2012)
WILLIAMS,Zaison (2012)
JOHNSON,Vivant Tripel (2012)
WILLIAMS,Trebuchet Double IPA (2012)
SMITH,Kludde
JOHNSON,Farm Hand
JOHNSON,Solitude
SMITH,Triomphe
RODRIGUEZ,Sparkle
WILLIAMS,North 45 Amber Ale
WILSON,Horny Monk
JOHNSON,Mind's Eye PA
JOHNSON,Nordskye 
JOHNSON,North Third Stout
WILLIAMS,Honey Lav
SMITH,Coconut Brown Ale
GARCIA,51K IPA
JONES,Grand Rabbits
MILLER,Hotbox Brown
BROWN,Gold
WILLIAMS,Black
JOHNSON,98 Problems (Cuz A Hop Ain't One)
SMITH,Veteran’s Pale Ale (VPA)
MILLER,Grapefruit IPA
BROWN,Train Hopper
JOHNSON,Edward’s Portly Brown
SMITH,Dirty Bastard
SMITH,Centennial IPA
WILLIAMS,All Day IPA
JOHNSON,Deflator
SMITH,Hinchtown Hammer Down
DAVIS,Half Cycle IPA
SMITH,Cafe Leche
JOHNSON,Damascene Apricot Sour
SMITH,Csar
JOHNSON,Klingon Warnog Roggen Dunkel
JONES,Overlord Imperial IPA
SMITH,Alloy
JOHNSON,Rivet Irish Red Ale
WILLIAMS,3 Gear Robust Porter
JOHNSON,Circuit Bohemian Pilsner
SMITH,Saucy Intruder
BROWN,Insert Hop Reference
JOHNSON,Thai.p.a
DAVIS,Citra Faced
SMITH,Pole Barn Stout
JOHNSON,Pale
SMITH,Yoshi's Nectar
MILLER,Feel Like Maplin' Love
JOHNSON,Father's Beer
SMITH,The 26th
BROWN,The Gadget
JOHNSON,Tribute
SMITH,Wrath of Pele
SMITH,Black Beer'd
JOHNSON,Mr. Tea
JOHNSON,Pale Alement
JONES,Hopkick Dropkick
SMITH,Kreamed Corn
JOHNSON,Coconoats
SMITH,Joey Wheat
SMITH,3:33 Black IPA
SMITH,MCA
JOHNSON,Pale Alement
WILLIAMS,Tip Off
WILLIAMS,Java Mac
JONES,Cowbell
JOHNSON,Hop Up Offa That Brett (2014)
JOHNSON,PV Muckle (2013)
SMITH,Bourbon Barrel Batch 666: Sympathy for the Devil
SMITH,Whip Fight
SMITH,Port Barrel Wee Mac 
SMITH,Fistful Of Hops Red
RODRIGUEZ,Fistful of Hops Orange
WILLIAMS,Fistful Of Hops Blue
BROWN,Fistful of Hops Green
JOHNSON,30 Min Coma
SMITH,Wee Muckle
JOHNSON,Royal Brat
SMITH,Grapefruit Jungle (GFJ)
JOHNSON,Osiris Pale Ale
SMITH,Bourbon Barrel Aged Timmie
MILLER,Stupid Sexy Flanders
SMITH,Bourbon Barrel Cowbell
SMITH,Popcorn Pilsner
WILLIAMS,Ring of Dingle
MARTINEZ,Bourbon Barrel Wee Mac
SMITH,Bourbon Barrel Johan
BROWN,The Deuce
BROWN,The Velvet Fog
SMITH,Sun King Oktoberfest
JOHNSON,Indianapolis Indians Lager
MILLER,Indians Victory Lager (2012)
JOHNSON,Chaka
JOHNSON,Isis
MILLER,Wee Muckle (2011)
WILLIAMS,Grapefruit Jungle (GFJ) (2011)
MILLER,Sun King Oktoberfest (2011)
SMITH,Johan the Barleywine
JONES,Wee Mac Scottish-Style Ale
SMITH,Sunlight Cream Ale
JOHNSON,Osiris Pale Ale (2010)
JOHNSON,Blonde Czich
JOHNSON,White Reaper
WILLIAMS,Bobblehead
WILLIAMS,Lucky Dog
SMITH,Voodoo
GARCIA,General George Patton Pilsner
BROWN,Galaxyfest
JOHNSON,Citrafest
BROWN,Barn Yeti
JONES,Scarecrow
JOHNSON,Ironman
JOHNSON,Honey Kolsch
SMITH,Copperhead Amber
WILLIAMS,Deduction
JONES,Gone A-Rye
SMITH,Special Release
WILLIAMS,Dankosaurus
SMITH,Scruffy's Smoked Alt
SMITH,Elliott's Phoned Home Pale Ale
RODRIGUEZ,The Lawn Ranger
MILLER,Sex Panther
JONES,Winter Warmer (Vault Series)
SMITH,Count Hopula (Vault Series)
JOHNSON,Oktoberfest
SMITH,SunSpot Golden Ale
WILLIAMS,I.W.A. (2011)
JONES,Supermonk I.P.A.
JOHNSON,Epicenter Amber Ale
BROWN,SanTan HefeWeizen
WILLIAMS,Hop Shock IPA
SMITH,Sex Panther (2014)
SMITH,Devil’s Ale
SMITH,Rail Slide Imperial Spiced Ale
WILLIAMS,Mr. Pineapple
JOHNSON,American Idiot Ale (2012)
SMITH,Hop Shock IPA (2010)
WILLIAMS,SanTan HefeWeizen (2010)
BROWN,Devil’s Ale (2010)
WILLIAMS,Epicenter Amber Ale (2010)
JOHNSON,Heavy Lifting
BROWN,Bastian
JOHNSON,Healani
WILLIAMS,Yabba Dhaba Chai Tea Porter
SMITH,A Capella Gluten Free Pale Ale
SMITH,Casper White Stout
WILLIAMS,JP's Ould Sod Irish Red IPA
JOHNSON,Surfrider
SMITH,Kolschtal Eddy
SMITH,South Bay Session IPA
SMITH,Grandma's Pecan
SMITH,Double Trunk
JONES,Grapefruit Sculpin
SMITH,Even Keel
MILLER,Ballast Point Pale Ale
JOHNSON,Big Eye India Pale Ale
SMITH,Longfin Lager
SMITH,Sculpin IPA
MILLER,Liberty Ale
WILLIAMS,IPA
SMITH,Summer Wheat
THOMAS,California Lager
SMITH,Brotherhood Steam
BROWN,Weiss Weiss Baby
MARTINEZ,Czech Yo Self
MILLER,FMB 101
JOHNSON,Raja
JOHNSON,Perzik Saison
JOHNSON,Avery Joe’s Premium American Pilsner
BROWN,White Rascal
SMITH,Avery India Pale Ale
SMITH,Ellie’s Brown Ale
JOHNSON,Cow Creek
BROWN,Chupahopra
WILLIAMS,Twisted X
JOHNSON,Vanilla Porter
JOHNSON,Blueberry Blonde
BROWN,Galaxy IPA
BROWN,Gose
JOHNSON,Vermont Pilsner
JOHNSON,Mosaic Single Hop IPA
MILLER,Lost Galaxy
SMITH,Gose
WILLIAMS,Maine Island Trail Ale
JOHNSON,Jah Mon
SMITH,Oktoberfest
BROWN,Headless Wylie
JOHNSON,Dayman IPA
SMITH,All Aboard! Anniversary Stout
BROWN,Hop Lace
SMITH,OH-PA Session Pale Ale
WILLIAMS,Patrick's Poison
JONES,Rudolph's Red
SMITH,Babbling Blonde
BROWN,Maxwell's Scottish Ale
WILLIAMS,Grateful White
GARCIA,RT Lager
BROWN,Old Wylie's IPA
BROWN,Hala Kahiki Pineapple Beer
JOHNSON,Fist City
SMITH,A Little Crazy
SMITH,Rosa Hibiscus Ale
WILLIAMS,Fistmas Ale
WILLIAMS,Oktoberfest Revolution
WILLIAMS,Eugene Porter
SMITH,Anti-Hero IPA
JOHNSON,Bottom Up Belgian Wit
SMITH,Wooden Rooster
WILLIAMS,Ginger Peach Saison
BROWN,Zombie Monkie
JOHNSON,Wild Plum Farmhouse Ale
GARCIA,Vanilla Bean Buffalo Sweat
SMITH,Ethos IPA
BROWN,Tallgrass Pub Ale
SMITH,Oasis
GARCIA,Buffalo Sweat
WILLIAMS,Halcyon Unfiltered Wheat
JOHNSON,8-Bit Pale Ale
MILLER,Velvet Rooster
WILLIAMS,Halcyon Unfiltered Wheat
JOHNSON,Köld Lager (2010)
WILLIAMS,Oasis (2010)
JOHNSON,Tallgrass Ale
SMITH,Buffalo Sweat (2010)
SMITH,Tallgrass IPA
BROWN,4Beans
WILLIAMS,Jammer
JOHNSON,Abigale
JONES,Rad
JONES,Bengali
SMITH,Sensi Harvest
MARTINEZ,Hi-Res
SMITH,Global Warmer
SMITH,Autumnation (2013)
SMITH,The Crisp
JOHNSON,Sweet Action
JOHNSON,Righteous Ale
JOHNSON,Bengali Tiger
JOHNSON,3Beans
JOHNSON,Brownstone
SMITH,Apollo
JOHNSON,Harbinger
JOHNSON,Resin
SMITH,Diesel
SMITH,Autumnation (2011-12) (2011)
WILLIAMS,The Crisp (2011)
WILLIAMS,Sweet Action (2011)
JOHNSON,Righteous Ale (2011)
WILLIAMS,Bengali Tiger (2011)
SMITH,Raspberry Berliner Weisse
WILLIAMS,Hop Session
SMITH,Blueberry Berliner Weisse
WILLIAMS,Berliner Weisse
MILLER,Easy Jack
JOHNSON,Union Jack
JOHNSON,Pivo Pils
JOHNSON,805 Blonde Ale
SMITH,805
JONES,Take Two Pils
WILLIAMS,Waterkeeper
JOHNSON,SweetWater IPA
BROWN,420 Extra Pale Ale
SMITH,Flying Mouse 8
WILLIAMS,Flying Mouse 4
JOHNSON,Lee Hill Series Vol. 5 - Belgian Style Quadrupel Ale
MILLER,Lee Hill Series Vol. 4 - Manhattan Style Rye Ale
JONES,Lee Hill Series Vol. 2 - Wild Saison
JOHNSON,Lee Hill Series Vol. 3 - Barrel Aged Imperial Stout
WILLIAMS,Lee Hill Series Vol. 1 - Barrel Aged Brown Ale
SMITH,Blood Orange Saison
GARCIA,Thai Style White IPA
JOHNSON,Ferus Fluxus Wild Belgian Pale Ale
JOHNSON,Upslope Imperial India Pale Ale
DAVIS,Upslope Christmas Ale
JOHNSON,Upslope Pumpkin Ale
SMITH,Upslope Belgian Style Pale Ale
RODRIGUEZ,Upslope Foreign Style Stout
WILLIAMS,Top Rope Mexican-style Craft Lager
SMITH,Upslope Craft Lager
BROWN,Upslope Brown Ale
MILLER,Upslope Pale Ale
JOHNSON,Upslope India Pale Ale
DAVIS,Blood of the Unicorn
BROWN,Moar
SMITH,Uber Lupin Schwarz IPA
SMITH,Nordic Blonde
JOHNSON,Moped Traveler
JOHNSON,Mazzie
SMITH,Painted Turtle
JOHNSON,Weissenheimer
BROWN,Abbey's Single (2015- )
JONES,Vertex IPA
SMITH,Here Gose Nothin'
BROWN,Strawberry Blonde
JOHNSON,Hoperation Overload
SMITH,Abbey's Single Ale (Current)
WILLIAMS,Make It So
JOHNSON,Hopvale Organic Ale
JOHNSON,Unchained #18 Hop Silo
SMITH,Beach Cruiser
JOHNSON,I.P. Eh!
SMITH,Schoolhouse Honey
JOHNSON,10 Degrees of Separation
WILLIAMS,Passion Fruit Prussia
SMITH,Send Help
SMITH,Cast Iron Oatmeal Brown
JOHNSON,Reprise Centennial Red
JOHNSON,Alter Ego
JOHNSON,Divided Sky
SMITH,Resurrected
WILLIAMS,Contact High
WILLIAMS,Todd the Axe Man
SMITH,Doomtree
JOHNSON,BLAKKR
WILLIAMS,Overrated! West Coast Style IPA
SMITH,WET
SMITH,Bitter Brewer
SMITH,SurlyFest
SMITH,Coffee Bender
SMITH,Bender
WILLIAMS,Abrasive Ale
JOHNSON,Hell
SMITH,CynicAle
BROWN,Furious
JOHNSON,Citra Ass Down
WILLIAMS,The Brown Note
SMITH,Neomexicanus Native
JOHNSON,Old Soul
SMITH,Snowcat Coffee Stout
JOHNSON,WinterWonderGrass Festival Ale
JOHNSON,Boohai Red Ale
MILLER,Lava Lake Wit
SMITH,Mountain Livin' Pale Ale
SMITH,Crazy Mountain Amber Ale
JOHNSON,Monkey Dancing On A Razor Blade
JOHNSON,Tripel Deke
WILLIAMS,Vinyl Frontier
SMITH,Disco Superfly
WILLIAMS,Misty Mountain Hop
JONES,One-Hit Wonderful
JOHNSON,En Parfaite Harmonie
JONES,Daft Funk
SMITH,Love In An Ellavator
SMITH,Spin Doctor
SMITH,OktoberFiesta
SMITH,Texicali 
WILLIAMS,Pinata Protest
WILLIAMS,Bat Outta Helles
JOHNSON,Original
SMITH,Rye Wit
SMITH,Soul Doubt
GARCIA,Yo Soy Un Berliner
SMITH,Bimini Twist
WILLIAMS,Beach Blonde
BROWN,Rod Bender Red
SMITH,Farmer's Daughter Blonde
JOHNSON,Pump House IPA
TAYLOR,Suicide Blonde IPA
JOHNSON,Vanilla Porter
SMITH,Honey Rye
WILLIAMS,Long Leaf
JOHNSON,Honey Badger Blonde
JOHNSON,Porter (a/k/a Black Gold Porter)
JOHNSON,Jalapeno Pale Ale
GARCIA,Double Duckpin
JONES,Old Pro
BROWN,Duckpin Pale Ale
JOHNSON,Balt Altbier
SMITH,Hop A-Peel
WILLIAMS,Vanilla Java Porter
MILLER,Michelada
MILLER,Dirty Blonde Ale
SMITH,Grand Circus IPA
SMITH,Atwater's Lager
DAVIS,Hopalicious
MILLER,Wobble
WILLIAMS,Night Cat
BROWN,Night Cat (2014)
SMITH,Dog Days Lager
WILLIAMS,Sidekick Extra Pale Ale
WILLIAMS,Atom Smasher
MILLER,Testudo
JOHNSON,Hobnob B & B Pale Ale
BROWN,Cane and Ebel
JONES,Outlaw IPA (2015)
MILLER,Cold Press
MARTIN,Harness the Winter
JOHNSON,14° ESB 
JOHNSON,Bent Hop Golden IPA
JOHNSON,Bent Paddle Black Ale
ANDERSON,Venture Pils
JOHNSON,Oberon
MILLER,Smitten
JOHNSON,Winter White
MARTINEZ,Oberon
JOHNSON,Two Hearted
JOHNSON,Best Brown
SMITH,Professor Black
SMITH,Little Boss
WILLIAMS,Van Dayum!
WILLIAMS,Spirit Animal
JOHNSON,Baby Daddy Session IPA
SMITH,Saddle Bronc Brown Ale
JOHNSON,Bomber Mountain Amber Ale
WILLIAMS,Hard Cider
SMITH,Totally Radler
JOHNSON,Nonstop Hef Hop
SMITH,Nonstop Hef Hop
JONES,Nonstop Hef Hop
WILLIAMS,Nonstop Hef Hop
SMITH,Nonstop Hef Hop
SMITH,Nonstop Hef Hop
JOHNSON,Nonstop Hef Hop
JOHNSON,Nonstop Hef Hop
WILLIAMS,Nonstop Hef Hop
JOHNSON,Nonstop Hef Hop
SMITH,Nonstop Hef Hop
WILLIAMS,Nonstop Hef Hop
GARCIA,Rise Up Red
WILLIAMS,Survival Stout
SMITH,Hopworks IPA
SMITH,Abominable Winter Ale
SMITH,Pigwar White India Pale Ale
WILLIAMS,Rise-Up Red (2014)
SMITH,Abominable Winter Ale (2012)
JOHNSON,HUB Lager
GARCIA,Hopworks IPA (2012)
MILLER,Lil' Brainless Raspberries
SMITH,Element 29
SMITH,Hop Syndrome
JONES,Escape to Colorado
JONES,Slow Ride
WILSON,Ranger IPA
JONES,Shift
SMITH,1554 Black Lager
SMITH,Blue Paddle
JOHNSON,California Route
RODRIGUEZ,Snapshot
WILLIAMS,Sunshine Wheat Beer
JOHNSON,Fat Tire Amber Ale
ANDERSON,Shift (1)
SMITH,Fat Tire Amber Ale (2011)
BROWN,Shift
WILLIAMS,Ranger IPA
JOHNSON,Fat Tire Amber Ale
JOHNSON,Ranger IPA (Current)
JOHNSON,Sunshine Wheat Beer (2009)
JOHNSON,Fat Tire Amber Ale (2008)
SMITH,Nooner
SMITH,Torpedo
JONES,Yonder Bock
WILLIAMS,CANfusion Rye Bock
WILLIAMS,Sierra Nevada Pale Ale
JONES,Old Chico Crystal Wheat
SMITH,Summerfest
WILLIAMS,Torpedo
BROWN,Sierra Nevada Pale Ale
SMITH,U. P. Witbier
WILLIAMS,November Gale Pale Ale
BROWN,Olde Ore Dock Scottish Ale
JOHNSON,Widow Maker Black Ale
JOHNSON,Lift Bridge Brown Ale
WILLIAMS,Pick Axe Blonde Ale
WILLIAMS,Red Jacket Amber Ale
SMITH,Manitou Amber
SMITH,Autumn Winds Fest Beer
MILLER,Captain's Daughter
TAYLOR,India Pale Ale
DAVIS,Blackberry Wheat
JONES,312 Urban Pale Ale
JOHNSON,312 Urban Pale Ale
SMITH,312 Urban Wheat Ale
WILLIAMS,312 Urban Wheat Ale
JOHNSON,312 Urban Wheat Ale (2012)
MILLER,Broad Brook Ale
SMITH,Lionshead
SMITH,Galaxy High
BROWN,Sol Drifter
SMITH,Thunder Snow
JONES,The Great Pumpcan
SMITH,LIFT
GARCIA,SPRYE
JOHNSON,Psychopathy
JOHNSON,Gnarly Brown
WILLIAMS,Happy Amber
JOHNSON,Razz Wheat
MOORE,Hop Ryot
SMITH,Mystic Mama IPA
SMITH,Firefly Amber Ale
SMITH,Chomolungma Honey Nut Brown Ale
MILLER,Hustle
WILLIAMS,Pure Fury
BROWN,Dad
SMITH,Panther
BROWN,Franz
SMITH,Zen
SMITH,Truth
DAVIS,Cougar
JOHNSON,Self Starter
SMITH,Ermal's
SMITH,10 Ton
JOHNSON,Flyin' Rye
DAVIS,Flying Sailor
WILLIAMS,Peanut Butter Jelly Time
SMITH,King Coconut
JOHNSON,Troegenator
SMITH,Nugget Nectar
JOHNSON,Sunshine Pils
JOHNSON,Troegenator Doublebock
BROWN,Perpetual IPA
SMITH,Cortez Gold
JOHNSON,Mission IPA
SMITH,El Conquistador Extra Pale Ale
BROWN,Shipwrecked Double IPA
SMITH,Bay of Bengal Double IPA (2014)
SMITH,Christmas Ale
MARTINEZ,Pay It Forward Cocoa Porter
GARCIA,West Sixth Amber Ale
SMITH,West Sixth IPA
DAVIS,Rhode Island Blueberry
BROWN,Newport Storm IPA
SMITH,Hurricane Amber Ale (2004)
MILLER,Hurricane Amber Ale
MILLER,Amber Ale
BROWN,King Street Pilsner
JOHNSON,King Street IPA
JOHNSON,King Street Hefeweizen
DAVIS,King Street Blonde Ale
SMITH,Watermelon Ale
RODRIGUEZ,Fenway American Pale Ale
JOHNSON,Back Bay IPA
SMITH,Bunker Hill Blueberry Ale 
MILLER,Peach Pale Ale
SMITH,Four String Vanilla Porter
MILLER,Suncaster Summer Wheat
SMITH,Brass Knuckle Pale Ale
MILLER,Big Star White IPA
MARTINEZ,Clean Shave IPA
JOHNSON,Firestarter India Pale Ale
JONES,Kilt Dropper Scotch Ale
JOHNSON,Wood Splitter Pilsner
WILLIAMS,Gyptoberfest
SMITH,Farmer Wirtz India Pale Ale
SMITH,Slow & Steady Golden Ale
WILSON,Pink-I Raspberry IPA
JONES,Moe's Original Bar B Que 'Bama Brew Golden Ale
SMITH,Live Local Golden Ale
SMITH,Screaming Eagle Special Ale ESB
WILLIAMS,Dirtbag Dunkel
WILLIAMS,Kindler Pale Ale
SMITH,Mistress Winter Wheat
JONES,Tent Pole Vanilla Porter
JONES,Awry Rye Pale Ale
SMITH,Demshitz Brown Ale
SMITH,Wood Splitter Pilsner (2012)
BROWN,Brush Creek Blonde
SMITH,Firestarter India Pale Ale
JONES,Watermelon Ale
HARRIS,4000 Footer IPA
GARCIA,Summer Brew
JOHNSON,Consilium
SMITH,Hammer & Sickle
JONES,Redacted Rye IPA
GARCIA,Elevation Triple India Pale Ale
JOHNSON,5:00 O'Clock Afternoon Ale
JONES,Ryeteous Rye IPA (2012)
RODRIGUEZ,Cali Creamin'
WILLIAMS,Deception
MILLER,Blackmarket Rye IPA
SMITH,Black Market Hefeweizen
DAVIS,Aftermath Pale Ale
MILLER,Nitro Can Coffee Stout
SMITH,Welcome to Scoville
JOHNSON,Rule G IPA
JOHNSON,Murphy's Law
BROWN,Alter Ego 
MILLER,Hop in the ‘Pool Helles
WILSON,Ultra Gnar Gnar IPA
BROWN,In-Tents India Pale Lager
SMITH,Lost Meridian Wit
SMITH,Celestial Meridian Cascadian Dark Lager
JOHNSON,P-Town Pilsner
WILLIAMS,Klickitat Pale Ale
WILLIAMS,Yellow Wolf Imperial IPA
SMITH,Pine Belt Pale Ale
SMITH,Walloon
JONES,Le Mort Vivant
JOHNSON,Red Cockaded Ale
SMITH,Valkyrie Double IPA
SMITH,Red Cockaded Ale (2013)
JOHNSON,Old Potentate
SMITH,Bombshell Blonde
JONES,PRO-AM (2012) (2012)
JOHNSON,Walloon (2014)
JOHNSON,Le Mort Vivant (2011)
DAVIS,Buried Hatchet Stout
SMITH,Pine Belt Pale Ale
BROWN,Bombshell Blonde
BROWN,Third Eye Enlightened Pale Ale
JOHNSON,Colorado Kölsch
WILLIAMS,Steam Engine Lager
SMITH,Third Eye Pale Ale
MILLER,Watermelon Wheat
SMITH,Laka Laka Pineapple
JONES,Oktoberfest
SMITH,IPA #11
GARCIA,Blood Orange Honey
SMITH,Lighthouse Amber
SMITH,Main St. Virginia Ale
WILLIAMS,Chin Music Amber Lager
WILLIAMS,Main St. Virginia Ale
SMITH,Ray Ray’s Pale Ale
JOHNSON,Summer Ale
SMITH,Mr. Blue Sky
RODRIGUEZ,3 Scrooges
SMITH,Screamin’ Pumpkin
SMITH,Grand Trunk Bohemian Pils
JOHNSON,El Rojo
JOHNSON,Norm's Raggedy Ass IPA
BROWN,Grind Line
BROWN,Norm's Gateway IPA
SMITH,Lemon Shandy Tripel
JOHNSON,Weisse Versa (2012)
BROWN,Mother in Lager
SMITH,Weekend Warrior Pale Ale
SMITH,Karbachtoberfest
WILLIAMS,Love Street Summer Seasonal (2014)
WILLIAMS,Barn Burner Saison
DAVIS,Rodeo Clown Double IPA
RODRIGUEZ,Sympathy for the Lager
MILLER,Weisse Versa
SMITH,Hopadillo India Pale Ale
JOHNSON,The Green Room
SMITH,Humbucker Helles
JONES,Neato Bandito
SMITH,Oak Cliff Coffee Ale
WILLIAMS,Dream Crusher Double IPA
DAVIS,Deep Ellum Pale Ale
SMITH,Double Brown Stout
BROWN,Farmhouse Wit
JOHNSON,Rye Pils Session Lager
SMITH,Dallas Blonde
JOHNSON,Deep Ellum IPA
JOHNSON,18th Anniversary Gose
SMITH,White (2015)
JOHNSON,BLAKKR
BROWN,Firemans #4 Blonde Ale (2013)
JONES,The Sword Iron Swan Ale
SMITH,Hans' Pils (2015)
SMITH,Four Squared (2015)
WILSON,Firemans #4 Blonde Ale (2015)
JOHNSON,Straub Beer (Current)
JOHNSON,American Lager
SMITH,American Amber
JOHNSON,American Light
WILLIAMS,Black Hop IPA
JOHNSON,Point Special (Current)
WILSON,Point Special
BROWN,Point Cascade Pale Ale (2013)
SMITH,Point Special
MILLER,Onyx Black Ale
SMITH,Beyond The Pale IPA
WILLIAMS,Point Special (2013)
SMITH,Point Special (2012)
JOHNSON,Point Special Lager
SMITH,St. Benedict's Winter Ale
JOHNSON,Point Oktoberfest
SMITH,Point Nude Beach Summer Wheat
JOHNSON,Point Nude Beach Summer Wheat
JOHNSON,Point Nude Beach Summer Wheat (2011)
SMITH,Drop Dead Blonde
RODRIGUEZ,Three Kings Ale
SMITH,Point Oktoberfest
SMITH,2012 Black Ale
SMITH,Point Nude Beach Summer Wheat (2010)
SMITH,Point Cascade Pale Ale
WILLIAMS,Point Amber Classic
SMITH,Point Special Lager
MILLER,Royal Lager
BROWN,Rip Van Winkle (Current)
SMITH,O’Malley’s Stout
JOHNSON,O’Malley’s IPA
WILLIAMS,O’Malley’s Irish Style Cream Ale
JONES,L'il Lucy's Hot Pepper Ale
MILLER,Drop Kick Ale
SMITH,2014 IPA Cicada Series
JOHNSON,Sinister Minister Black IPA
SMITH,Jack the Sipper
JOHNSON,Devil's Harvest Extra Pale Ale
JOHNSON,Suzy B Dirty Blonde Ale
BROWN,Mississippi Fire Ant
SMITH,Hipster Breakfast
MILLER,Suzy B Dirty Blonde Ale
SMITH,Devil's Harvest Extra Pale Ale
WILLIAMS,Axe Head Malt Liquor
WILLIAMS,Huber Bock (2014)
MILLER,Minhas Light (2012)
JOHNSON,Huber
BROWN,Clear Creek Ice
WILLIAMS,Clear Creek Ice
DAVIS,Mountain Crest
WILLIAMS,Mountain Crest
JOHNSON,Mountain Creek (2013)
SMITH,Boxer
JOHNSON,Boxer Light
WILLIAMS,Boxer Ice
SMITH,Boxer
WILLIAMS,Morning Wood Wheat (Current)
SMITH,Hideout Helles
JOHNSON,Dead Eye Dunkel
SMITH,Peacemaker Pilsner
JOHNSON,Over the Rail Pale Ale
WILLIAMS,Pallavicini Pilsner (2009)
JONES,Morning Wood Wheat (Current)
JOHNSON,Porter Culture
JOHNSON,Sietsema Red Label
BROWN,Extra Pale Ale
JONES,Behemoth
BROWN,Arkansas Red
SMITH,Core Oatmeal Stout
SMITH,Core ESB
JOHNSON,Oklahoma Suks
BROWN,Power & Light
JOHNSON,White Rabbit 
SMITH,Cubano Espresso
WILLIAMS,Operation Homefront
MILLER,Wandering Pelican
ANDERSON,Sugar Plum
SMITH,Oktoberfest
JOHNSON,Puppy's Breath Porter
JOHNSON,Happening Now
JOHNSON,Hopped on the High Seas (Hop #529)
SMITH,Hopped on the High Seas (Calypso)
WILLIAMS,Wiregrass Post-Prohibition Ale
JOHNSON,Dry-Hopped On The High Seas Caribbean-Style IPA
SMITH,Hopped on the High Seas (Citra)
SMITH,Hopped on the High Seas (Ahtanum)
BROWN,Gwar Beer
JOHNSON,Tropical Heatwave
WILLIAMS,Humidor Series India Pale Ale
SMITH,Jai Alai IPA Aged on White Oak
JOHNSON,José Martí American Porter
JOHNSON,Invasion Pale Ale
SMITH,Maduro Brown Ale
MILLER,Maduro Brown Ale
JOHNSON,Hotter Than Helles Lager
BROWN,Tocobaga Red Ale
SMITH,Jai Alai IPA
MARTINEZ,Florida Cracker Belgian Wit
SMITH,Hunny Do Wheat
SMITH,Three Way Pale Ale
JOHNSON,Rise to the Top
SMITH,Lost Trout Brown Ale
BROWN,Gansett Light
MILLER,Bohemian Pils
JOHNSON,Autocrat Coffee Milk Stout
JONES,Narragansett Bohemian Pilsner
SMITH,Narragansett Summer Ale
JOHNSON,Narragansett Cream Ale
BROWN,Narragansett Summer Ale
WILLIAMS,Narragansett Porter
JOHNSON,Narragansett Bock
JOHNSON,Narragansett Fest Lager
MARTINEZ,Little Red Cap
SMITH,Shark Tracker Light lager
JOHNSON,Pumple Drumkin
SMITH,Grey Lady
SMITH,Summer of Lager
JOHNSON,Indie Pale Ale
SMITH,Sankaty Light Lager
JOHNSON,Whale's Tale Pale Ale
SMITH,Charlie's Rye IPA
SMITH,New Cleveland Palesner
SMITH,Perpetual Darkness
SMITH,Clan Warrior
JOHNSON,Psycho Penguin Vanilla Porter
DAVIS,Heliocentric Hefeweizen
WILLIAMS,Ghose Drifter Pale Ale
WILLIAMS,Ghost Rider Pale Ale (2013)
WILLIAMS,Helios Hefeweizen (2013)
SMITH,Deadeye Jack
SMITH,Pistols at Dawn
SMITH,Peacemaker Pale Ale
SMITH,Shotgun Betty
JOHNSON,Sweet Josie
JOHNSON,Watershed IPA
WILLIAMS,Oakshire Amber Ale
SMITH,Overcast Espresso Stout
SMITH,Watershed IPA (2013)
SMITH,Fort Pitt Ale
JOHNSON,Turnrow Harvest Ale
JOHNSON,Juke Joint IPA
JOHNSON,Parade Ground Coffee Porter
JOHNSON,Tin Roof Watermelon Wheat
SMITH,Tin Roof Blonde Ale
SMITH,Voodoo Bengal Pale Ale
BROWN,Perfect Tin Amber
JOHNSON,Knotty Blonde Ale
JOHNSON,Fivepine Chocolate Porter
SMITH,Hoodoo Voodoo IPA
SMITH,Ginja Ninja
SMITH,Cherried Away
JOHNSON,Rhubarbarian
WILLIAMS,BrightCider
JOHNSON,Hopportunity Knocks IPA
SMITH,Pilot Rock Porter
JOHNSON,Caldera Pale Ale
JOHNSON,Lawnmower Lager
JOHNSON,Ashland Amber Ale (2009)
WILLIAMS,Caldera IPA (2009)
SMITH,Caldera IPA (2007)
WILLIAMS,Caldera Pale Ale (2010)
MILLER,Caldera Pale Ale (2009)
SMITH,Caldera Pale Ale (2005)
SMITH,Caldera Pale Ale (2007)
SMITH,Caldera Pale Ale (2011)
BROWN,Ashland Amber Ale
SMITH,Caldera IPA
SMITH,Wild Trail Pale Ale
SMITH,Mothman Black IPA
JOHNSON,Camelback
JOHNSON,Knotty Pine
SMITH,Lumberyard Pilsner
BROWN,Lumberyard IPA
BROWN,Lumberyard Red Ale
JOHNSON,PUNK'N
SMITH,Yard Sale Winter Lager
JOHNSON,Trader Session IPA
SMITH,Hop Nosh IPA
JONES,SUM'R
SMITH,Organic Baba Black Lager
WILLIAMS,Hop Notch IPA (2013)
SMITH,Cutthroat Pale Ale
BROWN,WYLD Extra Pale Ale
RODRIGUEZ,Sunbru Kölsch
SMITH,Kilt Lifter Scottish-Style Ale
BROWN,Pumpkin Porter
BROWN,Four Peaks Peach Ale
JOHNSON,Hop Knot IPA
WILSON,Kilt Lifter Scottish-Style Ale (2009)
SMITH,Sunbru Kölsch
JOHNSON,River House
WILLIAMS,Pretzel Stout
BROWN,Rubberneck Red
SMITH,The Imperial Texan
SMITH,The Imperial Texan
JOHNSON,Day Break 4-Grain Breakfast Beer
BROWN,River House Saison
WILLIAMS,There Will Be Stout
WILLIAMS,Smooth Operator
WILLIAMS,Homefront IPA
WILLIAMS,Sundown
JOHNSON,Sanctified
JOHNSON,Fear of a Brett Planet
BROWN,Original Slacker Ale
SMITH,Alpha Blackback
SMITH,Kiss Off IPA
SMITH,Dog Days Summer Ale
MILLER,Beer Agent Re-Ignition
SMITH,Cherry Ale
BROWN,Bourbon Barrel Aged Coconut Porter
WILLIAMS,Great Crescent IPA
WILLIAMS,Aurora Lager
SMITH,Great Crescent Blonde Ale
GARCIA,Great Crescent Coconut Porter
JOHNSON,Great Crescent Oktoberfest Lager
JOHNSON,Great Crescent Brown Ale
SMITH,Cherry Ale (1)
JOHNSON,Aurora Lager (2011)
BROWN,Frosted Fields Winter Wheat
BROWN,Great Crescent Belgian Style Wit
JOHNSON,Bourbon's Barrel Stout
JOHNSON,Great Crescent Stout
DAVIS,Great Crescent Coconut Porter (2012)
SMITH,Great Crescent Dark Lager
SMITH,Great Crescent Mild Ale
BROWN,Great Crescent IPA (2011)
SMITH,Great Crescent Blonde Ale (2011)
DAVIS,Pinner Throwback IPA
SMITH,Centennial State Pale Ale
SMITH,Old Chub NITRO
WILLIAMS,The CROWLER™
SMITH,CAN'D AID Foundation
JOHNSON,Icey.P.A.
JOHNSON,One Nut Brown
SMITH,Birth IPA
MILLER,Dale's Pale Ale
MILLER,Dale's Pale Ale
WILLIAMS,Mama's Little Yella Pils
DAVIS,oSKAr the G'Rauch
JOHNSON,oSKAr the G'Rauch
SMITH,Dale's Pale Ale
JOHNSON,The Deuce
SMITH,Dale's Pale Ale (10 Year Anniversary)
JONES,Dale's Pale Ale (2012)
SMITH,Gordon Imperial Red (2010)
BROWN,Dale's Pale Ale (2011)
RODRIGUEZ,Dale's Pale Ale (2010)
SMITH,G'KNIGHT (16 oz.)
WILSON,15th Anniversary Abbey Ale (2012)
SMITH,Chaka
JOHNSON,HGH (Home Grown Hops): Part Duh
SMITH,Deviant Dale's IPA
SMITH,One Hit Wonder
SMITH,G'KNIGHT (12 oz.)
MILLER,Ten Fidy Imperial Stout
SMITH,Mama's Little Yella Pils
SMITH,GUBNA Imperial IPA
JOHNSON,Old Chub
JOHNSON,Gordon Ale (2009)
BROWN,Dale's Pale Ale
SMITH,1492
JONES,Mango Ginger
WILSON,Passenger
SMITH,The Golden One
JONES,The Power of Zeus
SMITH,Aviator Raspberry Blonde
WILLIAMS,3 Picket Porter
BROWN,Rusty Nail Pale Ale
SMITH,Little Sister India Style Session Ale
JOHNSON,Country Boy IPA
WILLIAMS,Blood Orange Gose
JOHNSON,Keebarlin' Pale Ale
SMITH,the Kimmie%, the Yink and the Holy Gose
JOHNSON,Fall Hornin'
SMITH,Barney Flats Oatmeal Stout
JOHNSON,Summer Solstice
JOHNSON,Hop Ottin' IPA
WILLIAMS,Boont Amber Ale
WILLIAMS,Barney Flats Oatmeal Stout
JOHNSON,El Steinber Dark Lager
MILLER,Boont Amber Ale (2010)
JOHNSON,Summer Solstice Cerveza Crema (2009)
SMITH,Barney Flats Oatmeal Stout (2012)
SMITH,Winter Solstice
SMITH,Hop Ottin' IPA (2011)
WILLIAMS,Boont Amber Ale (2011)
JOHNSON,Summer Solstice (2011)
JOHNSON,Poleeko Gold Pale Ale (2009)
JOHNSON,Mastermind
SMITH,Hyzer Flip
SMITH,Second Fiddle
SMITH,Hodad Porter
JOHNSON,Nomader Weiss
JOHNSON,Molotov Lite
SMITH,Hipster Ale (Two Roads Brewing)
SMITH,Bikini Beer
SMITH,Hipster Ale (Westbrook Brewing)
WILLIAMS,Rebirth Pale Ale
GARCIA,Irish Channel Stout
WILLIAMS,MechaHopzilla
WILLIAMS,Hopitoulas IPA
BROWN,NOLA Brown Ale
SMITH,NOLA Blonde Ale
WILLIAMS,Ball & Chain (2014)
BROWN,Bitter Biker Double IPA
WILLIAMS,God Damn Pigeon Porter
SMITH,Working for the Weekend
GARCIA,Angry Adam
GARCIA,Freedom Fries
JOHNSON,Bitter Biker Double IPA
WILLIAMS,Ghost Bike Pale Ale
JOHNSON,Spiteful IPA
JOHNSON,Alley Time
SMITH,Fat Badger
BROWN,In the Weeds
JOHNSON,Rahr's Blonde
JOHNSON,Pride of Texas Pale Ale
WILLIAMS,Devil's Cup
BROWN,Rise of the Phoenix
SMITH,Sinister
JOHNSON,Sex and Candy
WILLIAMS,Black Exodus
JOHNSON,Lake Street Express
JONES,Foreman
SMITH,Jade
SMITH,Cone Crusher
RODRIGUEZ,Sophomoric Saison
WILLIAMS,Regional Ring Of Fire
JONES,Garce Selé
SMITH,Troll Destroyer
JOHNSON,Bitter Bitch
WILLIAMS,Remain in Light
BROWN,Flower Child (2014)
JOHNSON,Santa's Secret
SMITH,Flagship IPA
SMITH,Sky Blue Golden Ale
JOHNSON,Salamander Slam
JOHNSON,Blonde Hunny
SMITH,Wild Wolf Wee Heavy Scottish Style Ale
JOHNSON,Wild Wolf American Pilsner
JONES,Alpha Ale
SMITH,Gran Sport
SMITH,Horny Toad Cerveza
MILLER,Native Amber
WILLIAMS,F5 IPA
DAVIS,Native Amber (2013)
RODRIGUEZ,Horny Toad Cerveza (2013)
BROWN,Seventh Son of a Seventh Son
SMITH,Stone Fort Brown Ale
BROWN,Seventh Son Hopped Red Ale
WILLIAMS,Humulus Nimbus Super Pale Ale
JOHNSON,Golden Ratio IPA
JONES,Lake Monster
SMITH,London Homesick Ale
WILLIAMS,Luchesa Lager
MILLER,Slow Ride
JONES,Nunica Pine
SMITH,Ginger Peach
DAVIS,Totally Roasted
RODRIGUEZ,Blue Gold
BROWN,Hard Apple
MILLER,Gunga Din
BROWN,Lobo Lito
WILSON,Robert Earl Keen Honey Pils
JOHNSON,Towhead
JONES,Lil' Helper
SMITH,Monkadelic
SMITH,Day Hike Session
SMITH,Trailhead ISA
WILLIAMS,Immersion Amber
SMITH,Evo IPA
JOHNSON,Presidential Pils
SMITH,Evolutionary IPA (2012)
SMITH,Persnickety Pale
GARCIA,SoDo Brown Ale
SMITH,Immersion Amber Ale (2011)
JOHNSON,Evolutionary IPA (2011)
BROWN,Trailhead India Style Session Ale (2011)
SMITH,Panorama Wheat Ale
SMITH,Monarch Pilsner
SMITH,Snow King Pale Ale
BROWN,Zonker Stout
JOHNSON,OB-1 Organic Ale
BROWN,Snake River Lager
JOHNSON,Snake River Pale Ale
SMITH,Pako’s EyePA
MILLER,Dark Voyage Black IPA (2013)
JOHNSON,Wisconsin Amber
JONES,Lake House
GARCIA,Ghost Ship White IPA
BROWN,Lake House
JOHNSON,Mutiny IPA
JONES,Wisconsin Amber (1998)
SMITH,Island Wheat
JOHNSON,Wisconsin Amber (2013)
DAVIS,U.S. Pale Ale
JOHNSON,Supper Club Lager
WILLIAMS,Golden One
SMITH,Arjuna
WILLIAMS,Uroboros
JONES,Mountain Rescue Pale Ale
JONES,Post Time Kölsch
MILLER,Goose Island India Pale Ale
SMITH,Couch Select Lager
JOHNSON,Double D Blonde
SMITH,Festeroo Winter Ale
SMITH,Proxima IPA
JOHNSON,Double D Blonde (2013)
WILLIAMS,541 American Lager
JOHNSON,Alphadelic IPA
JOHNSON,Alphadelic IPA (2011)
SMITH,Double D Blonde (2011)
SMITH,Worthy IPA
WILLIAMS,Easy Day Kolsch
JOHNSON,Lights Out Vanilla Cream Extra Stout
SMITH,Worthy IPA (2013)
SMITH,Worthy Pale
SMITH,Occidental Hefeweizen
SMITH,Occidental Dunkel
SMITH,Occidental Altbier
BROWN,Occidental Kölsch
SMITH,Loki Red Ale
JOHNSON,Peaches & Cream
SMITH,Quaff India Style Session Ale
JOHNSON,Loki Red Ale (2013)
JONES,Mjolnir Imperial IPA
SMITH,Fearless Scottish Ale
SMITH,Campside Session IPA
JOHNSON,Upland Wheat Ale
SMITH,Dragonfly IPA
JOHNSON,Tsunami IPA
JONES,Tsunami IPA
JOHNSON,Humpback Blonde Ale
SMITH,Hawaiian Crow Porter
WILLIAMS,Volcano Red Ale
WILSON,Mauna Kea Pale Ale
SMITH,Kaua'i Golden Ale
JONES,Sunset Amber
JOHNSON,Hapa Brown Ale
SMITH,Hapa Brown Ale
BROWN,Southern Cross
THOMAS,Mound Builder IPA
SMITH,Amazon Princess IPA
BROWN,Farmer's Daughter Wheat
DAVIS,People's Pilsner
SMITH,Quick WIT
DAVIS,The Optimist
BROWN,Suicide Squeeze IPA
SMITH,Java the Hop
SMITH,Next Adventure Black IPA
JOHNSON,3-Way IPA (2013)
SMITH,Tender Loving Empire NWPA
BROWN,Quick Wit Belgianesque Ale
JONES,Sunrise Oatmeal Pale Ale
BROWN,Cavatica Stout
SMITH,1811 Lager
JOHNSON,Vortex IPA
SMITH,Evil Owl
JOHNSON,Sucha Much IPA
WILLIAMS,Lewbricator Wheat Dopplebock 
WILLIAMS,City of the Sun
SMITH,Booming Rollers
BROWN,Oneida
JOHNSON,Aurora 
SMITH,Lomaland
BROWN,Fortunate Islands
BROWN,Black House
JOHNSON,Blazing World
WILLIAMS,Smittytown
JOHNSON,Greenwood Beach
SMITH,Gatecrasher
SMITH,#001 Golden Amber Lager
DAVIS,#002 American I.P.A.
RODRIGUEZ,#003 Brown & Robust Porter
JOHNSON,#004 Session I.P.A.
MILLER,Red Water Irish Style Red
BROWN,Mjöllnir
WILLIAMS,Bear Butte Nut Brown Ale
SMITH,Easy Livin' Summer Ale
BROWN,Canyon Cream Ale
SMITH,Pile O'Dirt Porter
BROWN,11th Hour IPA
JOHNSON,Monarch Classic American Wheat
JOHNSON,Sir William's English Brown Ale
JOHNSON,Lakefire Rye Pale Ale
SMITH,1836
JOHNSON,Summer's Wit
JONES,More Cowbell
BROWN,First Stand
GARCIA,Battle LIne
SMITH,Broken Bridge
JONES,Brutus
SMITH,Lyric Ale
JOHNSON,Atalanta
MARTINEZ,What the Butler Saw
BROWN,1916 Shore Shiver
GARCIA,Laughing Dog Cream Ale
MILLER,Two-One Niner
WILLIAMS,Laughing Dog IPA
SMITH,Plum St. Porter
JOHNSON,Plum St. Porter
THOMAS,Bozone HopZone IPA
WILSON,Bozone Hefe Weizen
SMITH,Bozone Select Amber Ale
SMITH,Aprè Shred
JOHNSON,Hemlock Double IPA
JOHNSON,West Portal Colorado Common Summer Ale
BROWN,Disconnected Red
SMITH,Arcus IPA
JONES,Wavemaker
JONES,Epitome
SMITH,Monkey Chased the Weasel
MILLER,077XX
BROWN,Boat Beer
BROWN,Pleasure Town
JOHNSON,Pleasure Town IPA
ANDERSON,Snowshoe White Ale
WILLIAMS,Kodiak Brown Ale
BROWN,Sockeye Red IPA
JOHNSON,Trail Head
DAVIS,Hop Stalker Fresh Hop IPA
WILSON,Blood Orange Wit
SMITH,8 Barrel
WILLIAMS,Oktoberfest
JOHNSON,Stone of Arbroath
WILLIAMS,The Tradition
JOHNSON,El Hefe Speaks
JONES,Penn Quarter Porter
SMITH,On the Wings of Armageddon
SMITH,The Corruption
SMITH,The Citizen
WILLIAMS,The Public
SMITH,No Wake IPA
SMITH,Boathouse Blonde
JONES,Cedar Point
SMITH,Pine Knob Pilsner
JOHNSON,Cal and Co. Black Cherry Porter
DAVIS,Lazy Daze Lager
WILLIAMS,Rochester Red Ale
JOHNSON,Milkshake Stout
SMITH,Cornerstone IPA
JOHNSON,Lazy Daze Lager
WILLIAMS,Imperial Pumpkin Stout
WILLIAMS,Dead-Eye DIPA
JONES,Fisherman's IPA
SMITH,Fisherman's Pils
JONES,Fisherman's Brew
JONES,Noche Dulce
WILLIAMS,Big Blue Van
JOHNSON,Weize Guy
ANDERSON,Fox Tail Gluten Free Ale
SMITH,Hop Box Imperial IPA
SMITH,Joseph James American Lager
WILLIAMS,UFO Gingerland
WILLIAMS,The Long Thaw White IPA
WILLIAMS,Honey Cider
GARCIA,Harpoon Summer Beer
BROWN,Harpoon IPA
SMITH,UFO Pumpkin
BROWN,Harpoon Octoberfest
GARCIA,Harpoon IPA (2012)
SMITH,Harpoon Summer Beer (2012)
JOHNSON,UFO White
MILLER,Harpoon Summer Beer (2010)
SMITH,Harpoon IPA (2010)
SMITH,Palate Mallet
SMITH,Back East Porter
SMITH,Back East Golden Ale
BROWN,Misty Mountain IPA
WILLIAMS,Back East Ale
GARCIA,Stickin' In My Rye
JOHNSON,Black Me Stout
WILLIAMS,Killer Kolsch
RODRIGUEZ,Missile IPA
JOHNSON,Bravo Four Point
JOHNSON,Striped Bass Pale Ale
JOHNSON,Cream Ale
BROWN,Tarasque
BROWN,Ananda India Pale Ale
JOHNSON,Tiny Bomb
SMITH,Might As Well IPL
WILLIAMS,Saison Pamplemousse
BROWN,2020 IPA
JOHNSON,Wolf Among Weeds IPA
JONES,Better Weather IPA
DAVIS,Point the Way IPA
WILLIAMS,Golden Road Hefeweizen
JOHNSON,Heal the Bay IPA
WILLIAMS,Point the Way IPA
SMITH,Cabrillo Kölsch
JOHNSON,Get Up Offa That Brown
MILLER,Burning Bush Smoked IPA
WILLIAMS,Wolf Among Weeds IPA (2012)
JOHNSON,Point the Way IPA (2012)
JOHNSON,Golden Road Hefeweizen (2012)
WILLIAMS,Skylight
JOHNSON,Kadigan
MILLER,Dammit Jim!
ANDERSON,Infamous IPA
BROWN,Hijack
DAVIS,The Gilded Age
WILLIAMS,Getaway
WILSON,Farm Girl Saison
SMITH,Pub Ale
BROWN,Ballistic Blonde
BROWN,Golden Fleece
JOHNSON,Smoking Mirror
JOHNSON,Tropicalia
JOHNSON,Athena
DAVIS,Pursuit
SMITH,Half Full Bright Ale
JOHNSON,Montauk Light
JOHNSON,Enlighten
WILLIAMS,Ale Cider
MARTINEZ,Pail Ale
MILLER,Englishman
BROWN,Barrio Blanco
SMITH,Barrio Tucson Blonde
WILLIAMS,Giant DIPA
BROWN,Dread Brown Ale
SMITH,Casinos IPA
JOHNSON,Old Detroit
WILLIAMS,Batch 69 IPA
JOHNSON,Twisted Helles Summer Lager
WILLIAMS,Bushwhacker Cider
JOHNSON,Weim-R-Iner
WILLIAMS,Cherry Bomb
SMITH,Brontide
SMITH,Brontide
BROWN,Classique
SMITH,Hardcore Chimera
JOHNSON,Sobek & Set
WILLIAMS,Nuclear Winter
JONES,Wet Hot American Wheat Ale
SMITH,Secret Stache Stout
JONES,Fascist Pig Ale
JOHNSON,Cut Throat Pale Ale
JOHNSON,Threadless IPA
JOHNSON,Cut Throat Pale Ale (2011)
SMITH,Golden Wing Blonde Ale
SMITH,LuckenBock
DAVIS,Texas Pale Ale (TPA)
SMITH,6 String Saison
JOHNSON,Kol' Beer
WILLIAMS,Wagon Party
JOHNSON,Sky-Five
DAVIS,Stargrazer
SMITH,Wonderstuff
SMITH,Ozark American Pale Ale
BROWN,Train Wreck
JOHNSON,Overgrown American Pale Ale
SMITH,Birdhouse Pale Ale
DAVIS,Ozzy
JOHNSON,Resurrection
SMITH,Incredible Pedal IPA
WILSON,Graham Cracker Porter
JOHNSON,Rudie Session IPA
WILLIAMS,Taster's Choice
DAVIS,Modus Hoperandi
BROWN,Estival Cream Stout
SMITH,Vernal Minthe Stout
WILLIAMS,Hibernal Vinifera Stout
SMITH,Autumnal Molé Stout
BROWN,Mexican Logger
SMITH,True Blonde Ale
JOHNSON,Euphoria Pale Ale
MILLER,ESB Special Ale
SMITH,Modus Hoperandi
WILLIAMS,Almanac IPA
SMITH,Milk Mustachio Stout
SMITH,Farmer's Tan Red Ale
BROWN,Fresh Cut Pilsner
JOHNSON,Summer Session Ale
SMITH,Cape Cod Red
BROWN,Beach Blonde
BROWN,Long Trail IPA
SMITH,Long Trail Ale
SMITH,Double Bag
SMITH,Blackbeary Wheat
WILLIAMS,Long Trail Ale (1)
JONES,Commotion APA
SMITH,Southern Drawl Pale Lager
SMITH,Freeride APA
SMITH,Alaskan Amber
WILLIAMS,Left of the Dial IPA
DAVIS,Notch Session Pils
GARCIA,Petit Mutant
JOHNSON,The Crusher
SMITH,Beelzebub
HERNANDEZ,Focal Banger
JOHNSON,Heady Topper
SMITH,Heady Topper
SMITH,Hydraulion Red
WILLIAMS,40 Mile IPA
JOHNSON,Big Chuck Barleywine
ANDERSON,Fresh Slice White IPA
JOHNSON,Montauk Summer Ale
JONES,Driftwood Ale
SMITH,Let It Ride IPA
JOHNSON,Stir Crazy Winter Ale
WILLIAMS,Sweet Yamma Jamma Ale
SMITH,Shenanigans Summer Ale
SMITH,Midnight Ryder
SMITH,Day Tripper Pale Ale
RODRIGUEZ,Lost Sailor IPA
SMITH,Steel Rail Extra Pale Ale
SMITH,La Ferme Urbaine Farmhouse Ale
JOHNSON,Backyahd IPA
SMITH,Raincloud Robust Porter
SMITH,Barstool American Golden Ale
SMITH,Groupe G
JOHNSON,Pt. Bonita Rustic Lager
SMITH,Hill 88 Double IPA
JOHNSON,Longhop IPA
SMITH,Lucky Buck
WILLIAMS,Leatherhead Red
WILLIAMS,Cropduster Mid-American IPA
GARCIA,Golden Frau Honey Wheat
BROWN,Cornstalker Dark Wheat
BROWN,Thrasher Session India Pale Ale
JOHNSON,Gutch English Style Mild Ale
JOHNSON,Hop Freak
WILLIAMS,Louie's Demise Amber Ale
JOHNSON,Hop Happy
WILLIAMS,Booyah Farmhouse Ale
WILLIAMS,O-Gii
SMITH,Flaming Damsel Lager (2010)
WILLIAMS,Louie’s Demise Immort-Ale (2010)
BROWN,Whitecap Wit
WILLIAMS,Seiche Scottish Ale
SMITH,Truck Stop Honey Brown Ale
JOHNSON,Naked Pig Pale Ale
BROWN,El Chingon IPA
SMITH,Block Party Robust Porter
BROWN,Local Buzz
WILLIAMS,Saint Archer White Ale
SMITH,Saint Archer IPA
SMITH,Saint Archer Pale Ale
BROWN,Saint Archer Blonde
SMITH,Rogue American Amber Ale
JOHNSON,Supergoose IPA
SMITH,Hale's Pale American Ale
BROWN,IPA & a Half
BROWN,Ornery Amber Lager (2003)
GARCIA,Tarnation California-Style Lager
WILLIAMS,On the Count of 3 (2015)
JOHNSON,Summer Swelter
JOHNSON,Phantom Punch Winter Stout
BROWN,Hayride Autumn Ale
DAVIS,Celsius Summer Ale (2012)
SMITH,Amber Road
JONES,Pamola Xtra Pale Ale
SMITH,Stowaway IPA
BROWN,Blue Boots IPA
SMITH,American India Red Ale
SMITH,American Red Porter
JONES,American Red Saison
WILLIAMS,Colorado Red Ale
WILLIAMS,Wachusett Light IPA
JOHNSON,Green Monsta IPA
SMITH,Wachusett IPA
JOHNSON,Strawberry White
SMITH,Larry Imperial IPA
SMITH,Wachusett Summer
THOMAS,Country Pale Ale
SMITH,Wachusett Light IPA (2013)
SMITH,Pumpkan
JOHNSON,Wachusett Blueberry Ale
SMITH,Green Monsta IPA
SMITH,Hefe Lemon
WILLIAMS,Hefe Black
WILLIAMS,Widmer Brothers Hefeweizen
WILLIAMS,Provision
SMITH,One Nut Brown
BROWN,Hop Farm IPA
SMITH,Adam's Stout
JOHNSON,American Hero
SMITH,Schweet Ale
JOHNSON,Irregardless IPA
SMITH,Our Legacy IPA
BROWN,Saranac Shandy
SMITH,Our Legacy IPA
SMITH,Saranac Golden Pilsener (2003)
JONES,Saranac Adirondack Light (2002)
SMITH,DAX Light (1998)
JOHNSON,Saranac Traditional Lager (2000)
JOHNSON,Pomegranate Wheat (2008)
MARTINEZ,Blueberry Blonde Ale
JONES,Saranac White IPA
SMITH,Saranac Summer Ale (2011)
JOHNSON,Saranac Pale Ale (12 oz.)
DAVIS,Saranac Pale Ale (16 oz.)
JONES,Porch Rocker
MILLER,Rebel IPA
MILLER,Cold Snap
BROWN,Samuel Adams Winter Lager
WILLIAMS,Boston Lager
WILLIAMS,Boston Lager
SMITH,Samuel Adams Octoberfest
WILLIAMS,Samuel Adams Summer Ale
JOHNSON,Boston Lager
MILLER,Hopsmith Pale Lager
JOHNSON,Falling Down Brown Ale
JOHNSON,Resolution Rye Stout
SMITH,Plowshare Porter
SMITH,Old Forge Pumpkin Ale
WILLIAMS,Endless Sun Ale
DAVIS,Celestial Blonde Ale
SMITH,Overbite IPA
JOHNSON,T-Rail Pale Ale
MILLER,Endless Summer Ale (2011)
SMITH,Squatters Full Suspension Pale Ale
GARCIA,Squatters Hop Rising Double IPA
SMITH,Devastator Double Bock
MILLER,Wasatch Ghostrider White IPA
BROWN,Wasatch Ghostrider White IPA (2014)
JOHNSON,Wasatch Apricot Hefeweizen
WILLIAMS,Squatters Hop Rising Double IPA (2014)
JOHNSON,Squatters Full Suspension Pale Ale
MILLER,#9
JOHNSON,Elder Betty
JOHNSON,#9
MILLER,Quarter Mile Double IPA
SMITH,Marblehead
JOHNSON,Hoptopus Double IPA
JOHNSON,Rodeo Rye Pale Ale
WILLIAMS,Outlaw IPA
SMITH,North Fork Lager
MILLER,Payette Pale Ale
SMITH,Mutton Buster
SMITH,You're My Boy%, Blue
JOHNSON,Last Stop IPA
JOHNSON,Rollin Dirty Red Ale
SMITH,Are Wheat There Yet?
SMITH,Thanksgiving Ale
SMITH,Double Dagger Imperial IPA
SMITH,Dagger Falls IPA
WILLIAMS,Dagger Falls IPA
JONES,Socktoberfest
BROWN,Hopnoxious Imperial IPA
SMITH,Barrel Aged Seven Devils Imperial Stout
SMITH,Boise Co-Op Two Score Ale
DAVIS,Sockeye Belgian Style Summer Ale
JOHNSON,Sockeye Maibock
WILLIAMS,Old Devil's Tooth
JONES,Galena Golden
SMITH,Hell-Diver Pale Ale
MILLER,Woolybugger Wheat
SMITH,Power House Porter
RODRIGUEZ,Winterfest
SMITH,Dagger Falls IPA
WILLIAMS,Black Bay Milk Stout
SMITH,Atom Splitter Pale Ale
SMITH,Filthy Hoppin' IPA
JOHNSON,Thunder Ann
BROWN,Iron Butt Red Ale
BROWN,Initial Point India Pale Ale
SMITH,Hot Date Ale
JONES,Masked Bandit IPA
SMITH,Sweet Potato Ale
JOHNSON,Float Trip Ale
JONES,Old Tom Porter
JOHNSON,Black Walnut Wheat
JOHNSON,McKinney Eddy Amber Ale
WILLIAMS,Missouri Mule India Pale Ale
SMITH,Lost River Blonde Ale
SMITH,Monon Wheat
SMITH,Floyd's Folly
JOHNSON,Half Court IPA
BROWN,Appreciation Ale
JOHNSON,Toughcats IPA
WILLIAMS,Tug Pale Ale
SMITH,Sexy Chaos
MILLER,Ace Hole American Pale Ale
BROWN,Cant Dog Imperial Pale Ale
SMITH,All Nighter Ale
DAVIS,Banner American Rye
JOHNSON,Banner American Ale
SMITH,12 Man Pale Ale
BROWN,Jacaranada Rye IPA
DAVIS,Lil SIPA
WILLIAMS,Hop Bomber Rye Pale Ale
RODRIGUEZ,Voodoo Love Child
JOHNSON,White Magick of the Sun
SMITH,Wynona's Big Brown Ale
SMITH,Gran Met
BROWN,Good Vibes IPA
MILLER,Pilzilla
SMITH,Geary's Pale Ale
JONES,Geary's Summer Ale
SMITH,GreyBeard™ IPA
JONES,Pisgah Pale Ale
MARTINEZ,County Line IPA
SMITH,Trauger Pilsner
WILLIAMS,When Helles Freezes Over
SMITH,Morgan Street Oktoberfest
JONES,Honey Wheat
WILLIAMS,Black Bear Dark Lager
JOHNSON,Golden Pilsner
SMITH,Heyoka IPA
BROWN,Guest Lager
SMITH,Pony Pilsner
JOHNSON,Akari Shogun American Wheat Ale
BROWN,Meat Wave
SMITH,Over Ale
MILLER,Gossamer Golden Ale
SMITH,Daisy Cutter Pale Ale
SMITH,Just IPA
SMITH,Bronx Summer Pale Ale
JOHNSON,Bronx Black Pale Ale
DAVIS,Bronx Pale Ale
SMITH,Dead Armadillo Amber Ale
DAVIS,Farmer Ted's Cream Ale
SMITH,Firewater India Pale Ale
RODRIGUEZ,White Zombie Ale
SMITH,King Winterbolt Winter Ale
WILLIAMS,White Zombie Ale
WILLIAMS,Firewater India Pale Ale
SMITH,Farmer Ted's Farmhouse Cream Ale
JOHNSON,A Slice of Hefen
SMITH,Elevated IPA
JONES,Sprocket Blonde Ale (2006)
JOHNSON,Sprocket Pale Ale (2006)
SMITH,Curious Traveler Shandy
JOHNSON,Iron Horse Pale Ale
SMITH,Stone's Throw IPA
WILLIAMS,Wood Chipper India Pale Ale
MILLER,Big Sky IPA
WILLIAMS,Scape Goat Pale Ale
WILLIAMS,Montana Trout Slayer Ale
MILLER,Moose Drool Brown Ale
WILLIAMS,Powder Hound Winter Ale
SMITH,Moose Drool Brown Ale (2011)
DAVIS,Montana Trout Slayer Ale (2012)
SMITH,Big Sky IPA (2012)
BROWN,Summer Honey
JONES,Scape Goat Pale Ale (2010)
JOHNSON,Montana Trout Slayer Ale (2009)
WILLIAMS,Moose Drool Brown Ale (2009)
WILLIAMS,Wick For Brains
JONES,Nebraska India Pale Ale
WILLIAMS,EOS Hefeweizen
WILLIAMS,Brunette Nut Brown Ale
SMITH,Cardinal Pale Ale
SMITH,Uncle John's Apple Cherry Cider
JOHNSON,Uncle John's Apricot Apple Cider
SMITH,Draught Hard Apple Cider
JOHNSON,Be Hoppy IPA
BROWN,Category 3 IPA
SMITH,Hula Hoppie Session IPA
JOHNSON,Dirty Hippie Dark Wheat
BROWN,KelSo Nut Brown Lager
SMITH,KelSo India Pale Ale
SMITH,KelSo Pilsner
SMITH,The Great Return
SMITH,Hardywood Cream Ale
JOHNSON,Capital Trail Pale Ale
BROWN,Troopers Alley IPA
WILLIAMS,Madra Allta
SMITH,Duluchan India Pale Ale
JONES,Chaotic Double IPA
BROWN,Manzanita IPA
SMITH,Riverwalk Blonde Ale
JOHNSON,Gillespie Brown Ale
JOHNSON,Manzanita Pale Ale
SMITH,Cack-A-Lacky
SMITH,Leprechaun Lager
JOHNSON,White Cap White IPA
MARTINEZ,Chai Ale
SMITH,Lucky Day IPA
WILLIAMS,Terrace Hill Double IPA
MILLER,Catch 23
DAVIS,Westfield Octoberfest
WILLIAMS,Pop's Old Fashioned Lager
SMITH,Charlie in the Rye
MILLER,Bleeding Buckeye Red Ale
WILLIAMS,Aslan Kölsch
JONES,Aslan IPA
SMITH,Aslan Amber
SMITH,Bellingham Beer Week 2013 Collaboration
BROWN,Local 5 Pale Ale
SMITH,Devils Head Red Ale
JOHNSON,Elephant Rock IPA
JOHNSON,Festivus (1)
RODRIGUEZ,Manayunk Oktoberfest
JOHNSON,Belgian Style Session Ale
JONES,Manayunk IPA
JONES,Yunkin' Punkin'
JOHNSON,Summer Paradise
JOHNSON,Monk from the 'Yunk
MILLER,Schuylkill Punch
JOHNSON,Dreamin' Double IPA
BROWN,Cleveland Beer Week 2013
WILLIAMS,Lift Off IPA
MARTINEZ,Jam Session
WILLIAMS,Hop Drop 'N Roll IPA
WILLIAMS,Pumpkin Beast
JOHNSON,OktoberBeast
GARCIA,Mad Beach
BROWN,Hog Wild India Pale Ale
JOHNSON,Devils Tramping Ground Tripel
SMITH,Hot Rod Red
JOHNSON,Hop Slayer Double IPA
JONES,Pumpkin Ale
WILLIAMS,Big Bowl Blonde Ale
WILSON,Phat Chance
SMITH,Hop Slayer Double IPA (2011)
JONES,Hop Slayer Double IPA (2011)
WILLIAMS,Wild Onion Summer Wit
WILSON,Jack Stout
SMITH,Wild Onion Pumpkin Ale (2010)
WILSON,Paddy Pale Ale
SMITH,The 12th Can™
SMITH,Hilliard's Pils
JOHNSON,Hilliard's Blonde
JONES,Hilliard's Amber Ale
JONES,Hilliard's Saison
JONES,Keeper (Current)
SMITH,Better Half
SMITH,Bohemian Export Lager
WILLIAMS,Altus Bohemes Altbier
WILLIAMS,Cherny Bock
JOHNSON,Czech Pilsner
BROWN,Viennese Lager
SMITH,Chickawawa Lemonale
SMITH,Barrel Aged Farmer
JOHNSON,Great River Golden Ale
WILLIAMS,Dirty Blonde Chocolate Ale
BROWN,Dos Pistolas
WILLIAMS,Owney Irish Style Red Ale
RODRIGUEZ,Aaah Bock Lager
HERNANDEZ,Widespread Wit
SMITH,Roller Dam Red Ale
SMITH,483 Pale Ale
JOHNSON,Hop A Potamus Double Dark Rye Pale Ale
JOHNSON,Farmer Brown Ale
WILLIAMS,Big Cock IPA
SMITH,Oktoberfest
JOHNSON,40th Annual Bix Street Fest Copper Ale (Current)
SMITH,Redband Stout
WILLIAMS,483 Pale Ale (2010)
WILLIAMS,Roller Dam Red Ale (2010)
DAVIS,Mustang Sixty-Six
THOMAS,Mustang '33
MILLER,Session '33 (2011)
JONES,Mustang Golden Ale
BROWN,Washita Wheat
BROWN,Maylani's Coconut Stout
JOHNSON,Oatmeal PSA
WILLIAMS,Pre Flight Pilsner
SMITH,He Said Baltic-Style Porter
SMITH,He Said Belgian-Style Tripel
WILLIAMS,Lower De Boom
JOHNSON,Fireside Chat
SMITH,Marooned On Hog Island
JOHNSON,Bitter American
JOHNSON,Hell or High Watermelon Wheat (2009)
JOHNSON,Hell or High Watermelon Wheat (2009)
SMITH,21st Amendment Watermelon Wheat Beer (2006)
JOHNSON,21st Amendment IPA (2006)
DAVIS,Brew Free! or Die IPA (2008)
MILLER,Brew Free! or Die IPA (2009)
SMITH,Special Edition: Allies Win The War!
DAVIS,Hop Crisis
MILLER,Bitter American (2011)
JOHNSON,Fireside Chat (2010)
BROWN,Back in Black
SMITH,Monk's Blood
SMITH,Brew Free! or Die IPA
SMITH,Hell or High Watermelon Wheat
SMITH,Pumpkin Patch Ale
MILLER,Crank Yanker IPA
SMITH,River Runners Pale Ale
BROWN,Pumpkin Patch Ale (2012)
SMITH,Mountain Fairy Raspberry Wheat
MILLER,Boater Beer
JOHNSON,Crank Yanker IPA (2011)
SMITH,PONTO S.I.P.A.
JONES,Chronic Ale
WILLIAMS,Swami's India Pale Ale
SMITH,Sly Fox Christmas Ale 2013
JOHNSON,Grisette
WILLIAMS,360° India Pale Ale
SMITH,Helles Golden Lager
BROWN,Sly Fox Christmas Ale 2012 (2012)
BROWN,Odyssey Imperial IPA
BROWN,Oktoberfest Lager
BROWN,113 IPA
JOHNSON,Dunkel Lager
SMITH,Royal Weisse Ale
BROWN,Pikeland Pils
SMITH,Phoenix Pale Ale
JOHNSON,Seven Gates Pale Ale
SMITH,Wolfman's Berliner
SMITH,Trolley Stop Stout
JONES,Bitter Bitch Imperial IPA
SMITH,Poop Deck Porter
SMITH,Old Red Beard Amber Ale
SMITH,Lahaina Town Brown
JOHNSON,Pau Hana Pilsner
JONES,Lemongrass Saison
SMITH,Aloha B’ak’tun
JONES,Liquid Breadfruit
WILLIAMS,Sobrehumano Palena'ole
JONES,La Perouse White
MILLER,Flyin' HI.P.Hay
JOHNSON,Mana Wheat
SMITH,Bikini Blonde Lager
SMITH,CoCoNut Porter
JOHNSON,Big Swell IPA
SMITH,12th Round
SMITH,RoughTail IPA
JONES,Polar Night Stout
BROWN,Slow Hand Stout
JOHNSON,Mad Manatee IPA
JOHNSON,Killer Whale Cream Ale
BROWN,Duke's Cold Nose Brown Ale
JOHNSON,Autumn Winds
JOHNSON,Flying Jenny Extra Pale Ale
WILLIAMS,Hazy Day Belgian-Style Wit
WILLIAMS,Bring Back the Beach Blonde Ale
SMITH,Leaning Chimney Smoked Porter
GARCIA,Flying Jenny Extra Pale Ale (2012)
WILSON,Flagship Ale
SMITH,1800 Big Log Wheat (2012)
SMITH,Double Play Pilsner
SMITH,Brewerhood Brown Ale
JOHNSON,Last Call Imperial Amber Ale
SMITH,Pernicious Double IPA
MILLER,6-4-3 Double Play Pilsner
JOHNSON,N Street Drive-In 50th Anniversary IPA
WILLIAMS,467 Ethan's Stout
JOHNSON,1335 Wicked Snout
JOHNSON,543 Skull Creek Fresh Hopped Pale Ale
WILLIAMS,1327 Pod's ESB
GARCIA,1327 Pod's ESB
SMITH,1327 Pod's ESB
JONES,834 Happy As Ale
SMITH,Bermuda Triangle Ginger Beer
SMITH,Full Nelson Pale Ale
JOHNSON,Steel Wheels ESB
MARTINEZ,Blue Mountain Classic Lager
WILLIAMS,Full Nelson Pale Ale (2010)
SMITH,Starr Pils
SMITH,Northern Lights India Pale Ale
JONES,Festie
MILLER,Northern Lights India Pale Ale
SMITH,One Claw
JOHNSON,Westbrook Gose
MILLER,White Thai
JOHNSON,Westbrook IPA
DAVIS,Monkey Fist IPA
MILLER,Shipyard Summer Ale
SMITH,Pumpkinhead Ale
TAYLOR,Shipyard Export
SMITH,Stout Ol' Friend
JOHNSON,Stout Ol' Friend (2012)
MILLER,Rye Porter
JOHNSON,Miner's Gold
SMITH,Vienna Lager
WILLIAMS,Jessie's Garage
GARCIA,Colorado Red Ale
SMITH,Miner's Gold
SMITH,Undun Blonde Ale
SMITH,CuDa Cascadian Dark Ale
JOHNSON,Old Grogham Imperial India Pale Ale
JOHNSON,Old Grogham Imperial India Pale Ale (2012)
SMITH,CuDa Cascadian Dark Ale (2012)
SMITH,Undun Blonde Ale (2012)
WILLIAMS,Kentucky Kölsch
JOHNSON,Kentucky IPA
WILLIAMS,G'KNIGHT
WILLIAMS,Ten Fidy
DAVIS,Deviant Dale's IPA
BROWN,Old Chub
WILLIAMS,Dale's Pale Ale
WILSON,Dale's Pale Ale
SMITH,Clem's Gold
WILLIAMS,Lizzy's Red
JOHNSON,Orlison India Pale Lager
JONES,Brünette
WILSON,Havanüther
JOHNSON,Agave Wheat
SMITH,SummerBright Ale
JOHNSON,Lucky U IPA
JOHNSON,Avalanche Ale
JOHNSON,Saison 88
SMITH,Black IPA
BROWN,Santa Fe Irish Red Ale
BROWN,Santa Fe Oktoberfest
JOHNSON,Imperial Java Stout
TAYLOR,Freestyle Pilsner
RODRIGUEZ,Happy Camper IPA
SMITH,Shark Bait
BROWN,Gator Tail Brown Ale
JONES,Miami Vice IPA
GARCIA,Big Rod Coconut Ale
SMITH,Oak Aged Cider
SMITH,Ginger Cider
RODRIGUEZ,Schilling Hard Cider
JOHNSON,Green House India Pale Ale
SMITH,The One They Call Zoe
SMITH,Alteration
SMITH,Pale Dog
JOHNSON,Super G IPA
JOHNSON,1881 California Red
BROWN,CAPT Black IPA
SMITH,Ruhstaller's Gilt Edge Lager Beer
SMITH,CAPT Black IPA
SMITH,1881 California Red Ale
SMITH,Oval Beach Blonde Ale
SMITH,Squeaky Bike Nut Brown Ale
SMITH,Dead Horse Amber
JOHNSON,Rocket Bike American Lager
DAVIS,Johnny's American IPA
JOHNSON,Macon Progress Ale
JOHNSON,Macon History Ale
WILLIAMS,Dusty Trail Pale Ale
MARTIN,Damnesia
MILLER,Desolation IPA
BROWN,Wolverine Premium Lager
BROWN,Happy Cider
BROWN,Granny Smith Hard Apple Cider
SMITH,Dry Hard Apple Cider
JOHNSON,Sudice American Stout
JOHNSON,Parcae Belgian Style Pale Ale
JOHNSON,Norns Roggenbier
BROWN,Laimas Kölsch Style Ale
BROWN,Moirai India Pale Ale
JONES,Lazy Monk Bohemian Pilsner
SMITH,Blown Out Brown
JOHNSON,Single Hop Ale
SMITH,Sawtooth Ale
JOHNSON,Pub Beer
SMITH,Hat Trick Hop IPA
WILLIAMS,Yard Sale Amber Ale
SMITH,Weiss Trash Culture
SMITH,Sea Hag IPA
MILLER,Elm City Pilsner
WILSON,Atlantic Amber Ale (2004)
MARTINEZ,668 Neighbor of the Beast12 oz.
JOHNSON,Gandhi-Bot Double IPA (12 oz.)
JOHNSON,668 Neighbor of the Beast (16 oz.) (2010)
SMITH,Gandhi-Bot Double IPA (16 oz.) (2010)
SMITH,Elm City Lager (2007)
RODRIGUEZ,Atlantic Amber Ale (2007)
BROWN,Sea Hag IPA (Current)
WILLIAMS,Dry Cider
JOHNSON,Dry Hard Cider
JOHNSON,Sand Island Lighthouse
GARCIA,Lily Flagg Milk Stout
WILLIAMS,Monkeynaut IPA
JOHNSON,Heavy Machinery IPA Series #1: Heavy Fist
SMITH,Fire Eagle IPA
JOHNSON,Peacemaker
WILLIAMS,Pearl-Snap
JOHNSON,Black Thunder
SMITH,Kölsch 151
SMITH,Tybee Island Blonde
WILLIAMS,Savannah Brown Ale
GARCIA,Helen's Blend
ANDERSON,Jack's Hard Cider
SMITH,Hazed & Infused
JOHNSON,Hoopla Pale Ale
WILLIAMS,Hazed & Infused (2010)
SMITH,Cascadian Dark Ale
JOHNSON,Wheat the People
JOHNSON,Sanitas Saison Ale
SMITH,Sanitas Black IPA
JONES,Beaver Logger
BROWN,Nectar of the Hops
JOHNSON,Sunshine Nectar
JOHNSON,Black Raspberry Nectar
WILLIAMS,Yellow Collar
SMITH,Green Collar
JOHNSON,Grazias
WILLIAMS,Habitus IPA
WILLIAMS,Ex Umbris Rye Imperial Stout
SMITH,Patty's Chile Beer
SMITH,Colorojo Imperial Red Ale
SMITH,Wynkoop Pumpkin Ale
SMITH,Rocky Mountain Oyster Stout
JONES,Belgorado
WILLIAMS,Rail Yard Ale
WILLIAMS,B3K Black Lager
WILLIAMS,Silverback Pale Ale
MILLER,Rail Yard Ale (2009)
JOHNSON,First Press
BROWN,Magic Apple
JOHNSON,Quakertown Stout
JOHNSON,Greenbelt Farmhouse Ale
SMITH,Track 1 Amber Lager
WILLIAMS,Schlafly Yakima Wheat Ale
SMITH,Schlafly Black Lager
JOHNSON,Schlafly IPA
WILLIAMS,Schlafly American Brown Ale
SMITH,Schlafly Hefeweizen
SMITH,Schlafly Summer Lager
BROWN,Green Bullet Organic India Pale Ale
MILLER,Face Plant IPA
SMITH,Rhino Chasers Pilsner
SMITH,Paleo IPA
DAVIS,Buck Snort Stout
SMITH,Station 33 Firehouse Red
JOHNSON,Slimy Pebble Pils
WILLIAMS,Blur India Pale Ale
JOHNSON,Gateway Kolsch Style Ale
WILLIAMS,Wee-Heavy-Er Scotch Ale
JOHNSON,13 Rebels ESB
SMITH,Angry Orchard Apple Ginger
JOHNSON,Angry Orchard Crisp Apple
GARCIA,Angry Orchard Crisp Apple
JONES,No Limits Hefeweizen
JOHNSON,Honeyspot Road White IPA
JOHNSON,Road 2 Ruin Double IPA
WILLIAMS,Workers Comp Saison
SMITH,Ol' Factory Pils
WILLIAMS,Na Zdraví Pilsner
JONES,Nice Rack IPA
JOHNSON,East India Pale Ale
JOHNSON,Brooklyn Summer Ale
JONES,East India Pale Ale
WILLIAMS,Brooklyn Summer Ale (2011)
SMITH,Brooklyn Lager (16 oz.)
JOHNSON,Brooklyn Lager (12 oz.)
SMITH,Northern Hawk Owl Amber
GARCIA,CEO Stout
RODRIGUEZ,Will Power Pale Ale
JOHNSON,Longboard Island Lager
JOHNSON,Longboard Island Lager
DAVIS,Longboard Island Lager
WILLIAMS,Longboard Island Lager
JOHNSON,SNO White Ale
MILLER,BRIK Irish Red Ale
JOHNSON,AXL Pale Ale
JOHNSON,Rustic Red
SMITH,Stimulator Pale Ale
JOHNSON,Old Town Ale
JOHNSON,Car 21
JOHNSON,Cache La Porter
WILLIAMS,O'Fallon Pumpkin Beer
BROWN,5 Day IPA
JOHNSON,O'Fallon Wheach
SMITH,Marble Pilsner
JOHNSON,Marble India Pale Ale
JOHNSON,Jack Pine Savage
WILLIAMS,Forest Fire Imperial Smoked Rye
WILLIAMS,Bad Axe Imperial IPA
SMITH,Morning Wood
SMITH,Bark Bite IPA
RODRIGUEZ,Trail Maker Pale Ale
JOHNSON,Action Man Lager
JONES,Cranberry Blend
SMITH,Orignal Blend
JOHNSON,Big Nose
BROWN,Cotton Mouth
SMITH,Stump Knocker Pale Ale
SMITH,Midnight Oil
WILLIAMS,Wild Night
WILLIAMS,Pit Stop Chocolate Porter
SMITH,Pace Setter Belgian Style Wit
DAVIS,Back in the Saddle Rye Pale Ale
SMITH,Dodgy Knight Imperial IPA
WILLIAMS,TailGate Saison
SMITH,TailGate IPA
JOHNSON,TailGate IPA
MILLER,TailGate Hefeweizen
BROWN,Blacktop Blonde
MILLER,Blacktop Blonde
JOHNSON,TailGate Hefeweizen
JONES,Hoppy Bitch IPA
SMITH,Three Skulls Ale Pale Ale
JOHNSON,Dank IPA
SMITH,Dank IPA (2012)
SMITH,All American Blonde Ale
SMITH,All American Red Ale
WILLIAMS,Chuli Stout
SMITH,Mother Ale
WILLIAMS,Twister Creek India Pale Ale
WILLIAMS,Single Engine Red
JOHNSON,Mirror Pond Pale Ale
BROWN,Dam Lager
SMITH,Red Clay IPA
SMITH,Hips Don't Lie
WILLIAMS,Ride Again Pale Ale
SMITH,The Farmer's Daughter
BROWN,Bomber Mountain Amber Ale (2013)
SMITH,Indian Paintbrush IPA
BROWN,Saddle Bronc Brown Ale (2013)
JOHNSON,Wagon Box Wheat Beer
BROWN,Skilak Scottish Ale
MILLER,Peninsula Brewers Reserve (PBR)
GARCIA,Sunken Island IPA
JOHNSON,Skilak Scottish Ale (2011)
SMITH,River North White Ale
MILLER,River North Ale
SMITH,77 Fremont Select Spring Session IPA
WILLIAMS,Fremont Organic Pale Ale
JONES,Abominable Ale
RODRIGUEZ,Harvest Ale
JOHNSON,Fremont Summer Ale
JOHNSON,Universale Pale Ale
BROWN,Interurban IPA
JOHNSON,Mo's Gose
BROWN,Colorado Native
JOHNSON,Colorado Native (2011)
JOHNSON,La Frontera Premium IPA
MILLER,Tejas Lager
MILLER,Number 22 Porter
JOHNSON,Big Bend Hefeweizen
JOHNSON,Terlingua Gold
DAVIS,Descender IPA
JONES,Sweet As Pacific Ale
SMITH,Nut Sack Imperial Brown Ale
MILLER,Pablo Beach Pale Ale
JOHNSON,Tampa Pale Ale
SMITH,Orange Grove Wheat Ale
SMITH,Side Kick Kölsch
JOHNSON,RecreationAle
WILLIAMS,Pete's ESP Lager (1998)
BROWN,Pete's Wicked Summer Brew (1995)
DAVIS,Pete's Wicked Bohemian Pilsner (1997)
WILLIAMS,Pete's Wicked Pale Ale (1997)
JOHNSON,Pete's Wicked Summer Brew (2002)
WILLIAMS,Pete's Wicked Summer Brew (1997)
JOHNSON,Pete's Wicked Summer Brew (1996)
GARCIA,The Hole in Hadrian's Wall
WILLIAMS,33 Select Brown Ale
GARCIA,Midwest Charm Farmhouse Ale
SMITH,Boji Blue Pale Ale
WILLIAMS,Winter Games Select #32 Stout
WILLIAMS,Boji Beach Golden Rye Ale
SMITH,South Ridge Amber Ale
SMITH,Summertime Ale
JOHNSON,Underachiever
SMITH,Big Island Shandy
WILLIAMS,Preservation IPA
SMITH,Watership Brown Ale
SMITH,Gangway IPA
JOHNSON,Long Day Lager
SMITH,Orange Wheat
GARCIA,Hangar 24 Helles Lager
SMITH,Big Elm IPA
JOHNSON,Gerry Dog Stout
JOHNSON,413 Farmhouse Ale
JOHNSON,Good People Pale Ale
GARCIA,Snake Handler Double IPA
WILLIAMS,Coffee Oatmeal Stout
DAVIS,Good People IPA
BROWN,Good People American Brown Ale
SMITH,Loose Cannon
WILLIAMS,AARGHtoberfest!
SMITH,Davy Jones Lager
SMITH,Face Down Brown Ale
BROWN,Tempter IPA
JOHNSON,Bridal Veil Rye Pale Ale
JONES,Rude Parrot IPA
JOHNSON,British Pale Ale (2010)
WILLIAMS,British Pale Ale
SMITH,Ballz Deep Double IPA
GARCIA,Des Moines IPA
JOHNSON,Capital Gold Golden Lager
SMITH,Farmer John's Multi-Grain Ale
DAVIS,Topcutter India Pale Ale
JONES,Field 41 Pale Ale
BROWN,Manhattan Gold Lager (1990)
SMITH,Mac's Highlander Pale Ale (2000)
JOHNSON,Mac's Scottish Style Amber Ale (2000)
JOHNSON,Wisco Disco
DAVIS,Long Hammer IPA
JOHNSON,Long Hammer IPA
SMITH,Copper Hook (2011)
JOHNSON,Dock Street Amber Beer (1992)
WILSON,Toxic Sludge
SMITH,Blue Point White IPA
MILLER,Blue Point Summer Ale
JOHNSON,Toasted Lager
JOHNSON,Loafin Bräu
JOHNSON,Old Elephant Foot IPA
SMITH,Deadicated Amber
JOHNSON,Kaleidoscope Collaboration 2012
SMITH,California Sunshine Rye IPA
SMITH,Full Boar Scotch Ale
BROWN,Sunsplash Golden Ale (2004)
SMITH,Northern Lights Amber Ale
SMITH,Polar Pale Ale
SMITH,Chugach Session Ale
SMITH,Fairweather IPA
SMITH,Frankenlou's IPA
SMITH,Becky's Black Cat Porter
DAVIS,Green Head IPA
DAVIS,Plum Island Belgian White
SMITH,Newburyport Pale Ale
JOHNSON,Hop Abomination
JOHNSON,Apricot Blonde
WILLIAMS,Dry Dock Hefeweizen
SMITH,Dry Dock Amber Ale
WILLIAMS,THP White (2006)
SMITH,THP Amber (2006)
JOHNSON,THP Light (2006)
JOHNSON,THP Dark (2006)
WILLIAMS,Special Amber
JOHNSON,Special Amber
JOHNSON,Mystical Stout
JONES,Bodacious Bock
JOHNSON,Ambitious Lager
SMITH,Tonganoxie Honey Wheat
SMITH,Oregon Trail Unfiltered Raspberry Wheat
SMITH,Annie's Amber Ale
JONES,Woodchuck Amber Hard Cider
BROWN,Sea Dog Wild Blueberry Wheat Ale
JOHNSON,Gordon (2005)
BROWN,Ten Fidy Imperial Stout (2008)
JOHNSON,Ten Fidy Imperial Stout (2007)
JOHNSON,Old Chub (2008)
BROWN,Old Chub (2004)
JOHNSON,Old Chub (2003)
WILLIAMS,Dale's Pale Ale (2008)
SMITH,Dale's Pale Ale (2006)
SMITH,Dale's Pale Ale (2004)
SMITH,Dale's Pale Ale (2003)
BROWN,Dale's Pale Ale (2002)
SMITH,Leroy (2005)
JOHNSON,Gordon Beer (2006)
BROWN,Carolina Lighthouse (2007)
SMITH,Carolina Blonde (2006)
RODRIGUEZ,Carolina Blonde Light (2005)
JOHNSON,Choc Beer (2003)
WILLIAMS,T-6 Red Ale (2004)
RODRIGUEZ,Full Moon Belgian White Ale
JOHNSON,Desert Magic IPA
JOHNSON,Up River Light
SMITH,Full Moon Belgian White Ale (2007)
DAVIS,Dry Heat Hefeweizen (2006)
JONES,Hopluia (2004)
SMITH,Ace IPA
SMITH,P-51 Porter
SMITH,Cold Smoke Scotch Ale (2007)
SMITH,Double Haul IPA (2009)
JOHNSON,Double Haul IPA (2006)
JOHNSON,Eddy Out Pale Ale
JOHNSON,Double Haul IPA
JOHNSON,Cold Smoke Scotch Ale
SMITH,Archer's Ale (2004)
SMITH,Chester's Beer (2005)
DAVIS,On-On Ale (2008)
SMITH,Sweet Georgia Brown
BROWN,Rich Man's IIPA
JOHNSON,Monkey Paw Oatmeal Pale Ale
JOHNSON,Trigger Blonde Ale
WILLIAMS,Crabtree Oatmeal Stout
DAVIS,Eclipse Black IPA
WILLIAMS,Dottie Seattle Lager
SMITH,Mucho Aloha Hawaiian Pale Ale
JOHNSON,Nut Brown Ale
SMITH,White Ale
MOORE,Big River Pilsner
JOHNSON,House Brand IPA
BROWN,Hoppy Boy
WILLIAMS,Snake Dog IPA
WILLIAMS,Underdog Atlantic Lager
SMITH,Scotty K NA
SMITH,Bacon Brown Ale
SMITH,Golden State Ale
SMITH,Baltic Porter
WILLIAMS,Siamese twin
WILLIAMS,This Season's Blonde
JOHNSON,Independence Pass Ale
WILLIAMS,Triangle India Pale Ale
SMITH,Triangle White Ale
BROWN,Triangle Belgian Golden Ale
JOHNSON,Bomb Lager (New Recipe)
SMITH,Bomb Lager (Old Recipe)
JOHNSON,Churchkey Pilsner Style Beer
JOHNSON,Jon Boat Coastal Ale
JOHNSON,I-10 IPA
BROWN,People's Pale Ale
MILLER,Rocket Girl
SMITH,Ninja Porter
SMITH,Shiva IPA
SMITH,Walter's Premium Pilsener Beer
SMITH,Floppin' Crappie
JONES,Tour de Nez Belgian IPA (Current)
SMITH,Roler Bock (Current)
GARCIA,Black Adder IBA (Current)
SMITH,Very Noddy Lager (Current)
JOHNSON,Tule Duck Red Ale (Current)
WILLIAMS,Original Orange Blossom Ale (Current)
MILLER,Black Noddy Lager (Current)
SMITH,Dolores River Hefeweizen
WILLIAMS,Dolores River ESB
JONES,Snaggletooth Double Pale Ale
WILLIAMS,Dolores River Pale Ale
JOHNSON,Dolores River Dry Stout
SMITH,Dolores River Mild
BROWN,Inclined Plane Ale
TAYLOR,Jockamo IPA
JOHNSON,Purple Haze
JOHNSON,Abita Amber
JOHNSON,High Country Pilsner (Current)
BROWN,Epic IPA
MARTINEZ,Golden Trout Pilsner
MILLER,Real McCoy Amber Ale (Current)
SMITH,Great Falls Select Pale Ale
JOHNSON,Beltian White
BROWN,White Water Wheat
DAVIS,Grand Canyon American Pilsner
SMITH,Grand Canyon Sunset Amber Ale
JOHNSON,Black Iron India Pale Ale
JOHNSON,Yellowstone Golden Ale
JOHNSON,Tumbleweed IPA
JONES,Lewis & Clark Amber Ale
SMITH,Miner's Gold Hefeweizen
WILLIAMS,Back Country Scottish Ale
WILLIAMS,Dundee Summer Wheat Beer
WILLIAMS,Greenville Pale Ale
JOHNSON,Second Wind Pale Ale
SMITH,Sunny Haze
WILLIAMS,Sky High Rye
SMITH,Whitsun
JOHNSON,River Pig Pale Ale
BROWN,Oaky's Oatmeal Stout
SMITH,Black Star Double Hopped Golden Lager (24 oz.)
SMITH,Black Star Double Hopped Golden Lager (12 oz.)
JOHNSON,Pyramid Hefeweizen (2011)
JOHNSON,Haywire Hefeweizen (2010)
SMITH,Rumspringa Golden Bock
BROWN,Lancaster German Style Kölsch
SMITH,Common Sense Kentucky Common Ale
JOHNSON,Upstate I.P.W.
JOHNSON,Boneshaker Brown Ale
SMITH,Iron Mike Pale Ale
JOHNSON,Ponderosa IPA
SMITH,Liquid Amber Ale
SMITH,Wapiti Amber Ale
BROWN,Wyoming Pale Ale
JOHNSON,Wind River Blonde Ale
WILLIAMS,Bear Ass Brown
JOHNSON,Red Mountain Ale
BROWN,Ice Pick Ale
BROWN,Mickey Finn's Amber Ale
SMITH,Heiner Brau Kölsch
JOHNSON,BrewFarm Select Golden Lager
JOHNSON,Pilsner Ukiah
BROWN,Heinnieweisse Weissebier
JOHNSON,Snapperhead IPA
JOHNSON,Moo Thunder Stout
JONES,Porkslap Pale Ale
SMITH,Urban Wilderness Pale Ale
